{
  "S": {
    "MAE": 0.1588353528616575,
    "pass": 8,
    "total": 30,
    "u_L": 0.2941658083758027,
    "u_r": 0.1225058407436612,
    "u_d": 0.30874220683641296,
    "version": "S",
    "mean_corr_pct": 0.14941998823418357,
    "corr_sd_pct": 0.023665007498965784
  },
  "SA": {
    "MAE": 0.17207871718123616,
    "pass": 7,
    "total": 30,
    "u_L": 0.2964449655175668,
    "u_r": 0.12135590672524192,
    "u_d": 0.31536275839143146,
    "version": "SA",
    "mean_corr_pct": 0.14418700122448422,
    "corr_sd_pct": 0.04145192691050268
  },
  "SA-S": {
    "MAE": 0.1720737716309475,
    "pass": 8,
    "total": 30,
    "u_L": 0.2960545120885714,
    "u_r": 0.12139518518656683,
    "u_d": 0.3153686768374204,
    "version": "SA-S",
    "mean_corr_pct": 0.14381164380370345,
    "corr_sd_pct": 0.03882101067693936
  }
}