{
  "M0_baseline": {
    "pass": 5,
    "total": 30,
    "u_L": 0.43435226492892726,
    "u_r": 0.12240215640530121,
    "u_d": 0.5227126152906537,
    "MAE": 0.18089548313555062
  },
  "M1_d0cal": {
    "pass": 6,
    "total": 30,
    "u_L": 0.43435226492892726,
    "u_r": 0.12240215640530121,
    "u_d": 0.4572833920365936,
    "MAE": 0.1508005459642379
  },
  "M2_abcomp": {
    "pass": 6,
    "total": 30,
    "u_L": 0.25468908619109787,
    "u_r": 0.12276659772072589,
    "u_d": 0.32290684464955094,
    "MAE": 0.18727477169563608
  },
  "M3_full": {
    "pass": 10,
    "total": 30,
    "u_L": 0.43435226492892726,
    "u_r": 0.11829982980483925,
    "u_d": 0.4243340359826056,
    "MAE": 0.149597135826169
  }
}