{
  "features": [
    "chord0",
    "chord1",
    "chord2",
    "chord3",
    "chord4",
    "ab0",
    "ab1",
    "ab2",
    "ab3",
    "ab4",
    "profile_top_bottom",
    "profile_center_all",
    "profile_edge_inner",
    "profile_inner_skew",
    "profile_ab_abs",
    "profile_swirl",
    "dyn_first_0p1_s",
    "dyn_tail_0p1_s",
    "dyn_start_over_plateau",
    "dyn_end_over_plateau",
    "dyn_plateau_cv",
    "dyn_active_eq_s",
    "zero_rate_med",
    "zero_rate_mad",
    "zero_age_s",
    "base_rate_m3h",
    "duration_s",
    "flow_point"
  ],
  "model": "Ridge + PolynomialFeatures(degree=2)",
  "metrics": {
    "phys6": {
      "mae_pct": 0.18069753889977105,
      "mean_error_pct": -0.136498265914023,
      "group_pass": 5,
      "group_total": 30,
      "u_nor_L_pct": 0.4408261150536468,
      "u_nor_r_pct": 0.12240215640530114,
      "u_nor_d_c_pct": 0.25671104803553024,
      "u_nor_d_r_pct": 0.14909201284747928,
      "u_nor_d_pct": 0.2968652732779859,
      "target_L_pass": false,
      "target_r_pass": false,
      "target_d_pass": false
    },
    "apparent": {
      "mae_pct": 0.05670849591110457,
      "mean_error_pct": 2.3951439127910878e-05,
      "group_pass": 13,
      "group_total": 30,
      "u_nor_L_pct": 0.055479018004127086,
      "u_nor_r_pct": 0.0978834119355468,
      "u_nor_d_c_pct": 0.1132852575486947,
      "u_nor_d_r_pct": 0.11443756442631078,
      "u_nor_d_pct": 0.161026413143,
      "target_L_pass": false,
      "target_r_pass": false,
      "target_d_pass": false
    },
    "lodo": {
      "mae_pct": 0.11474958461518743,
      "mean_error_pct": -0.018192729980540553,
      "group_pass": 9,
      "group_total": 30,
      "u_nor_L_pct": 0.20288171219213905,
      "u_nor_r_pct": 0.11603184917526202,
      "u_nor_d_c_pct": 0.24245505707163528,
      "u_nor_d_r_pct": 0.13849539551447235,
      "u_nor_d_pct": 0.2792229024960525,
      "target_L_pass": false,
      "target_r_pass": false,
      "target_d_pass": false
    }
  },
  "n_features": 28
}