{
  "feature_columns": [
    "chord0",
    "chord1",
    "chord2",
    "chord3",
    "chord4",
    "ab0",
    "ab1",
    "ab2",
    "ab3",
    "ab4",
    "profile_top_bottom",
    "profile_center_all",
    "profile_edge_inner",
    "profile_inner_skew",
    "profile_ab_abs",
    "profile_swirl",
    "dyn_first_0p1_s",
    "dyn_tail_0p1_s",
    "dyn_start_over_plateau",
    "dyn_end_over_plateau",
    "dyn_plateau_cv",
    "dyn_active_eq_s",
    "zero_rate_med",
    "zero_rate_mad",
    "zero_age_s",
    "base_rate_m3h",
    "duration_s",
    "flow_point"
  ],
  "model": {
    "type": "ExtraTreesRegressor",
    "n_estimators": 500,
    "min_samples_leaf": 2,
    "max_features": 0.8
  },
  "metrics": {
    "phys6_base": {
      "mae_pct": 0.18069753889977105,
      "mean_error_pct": -0.136498265914023,
      "group_pass": 5,
      "group_total": 30,
      "max_group_mean_abs_pct": 0.4663737248641257,
      "u_nor_L_pct": 0.4408261150536468,
      "u_nor_r_pct": 0.12240215640530114,
      "u_nor_d_c_pct": 0.25671104803553024,
      "u_nor_d_r_pct": 0.14909201284747928,
      "u_nor_d_pct": 0.2968652732779859,
      "target_L_pass": false,
      "target_r_pass": false,
      "target_d_pass": false
    },
    "apparent_train": {
      "mae_pct": 0.012619273018236897,
      "mean_error_pct": 1.3196470296670665e-06,
      "group_pass": 30,
      "group_total": 30,
      "max_group_mean_abs_pct": 0.01742168798243071,
      "u_nor_L_pct": 0.010085774759029206,
      "u_nor_r_pct": 0.029061939660299105,
      "u_nor_d_c_pct": 0.015038367923910603,
      "u_nor_d_r_pct": 0.03405593062636586,
      "u_nor_d_pct": 0.03722846922239414,
      "target_L_pass": true,
      "target_r_pass": true,
      "target_d_pass": true
    },
    "leave_one_date_out": {
      "mae_pct": 0.10431292832396964,
      "mean_error_pct": -0.0181996595218153,
      "group_pass": 7,
      "group_total": 30,
      "max_group_mean_abs_pct": 0.281942039428551,
      "u_nor_L_pct": 0.1462633076932322,
      "u_nor_r_pct": 0.11966917606892494,
      "u_nor_d_c_pct": 0.2089021666229969,
      "u_nor_d_r_pct": 0.1396462922486185,
      "u_nor_d_pct": 0.2512791319599957,
      "target_L_pass": false,
      "target_r_pass": false,
      "target_d_pass": false
    }
  }
}