evaluation,mae_pct,mean_error_pct,group_pass,group_total,max_group_mean_abs_pct,u_nor_L_pct,u_nor_r_pct,u_nor_d_c_pct,u_nor_d_r_pct,u_nor_d_pct,target_L_pass,target_r_pass,target_d_pass
phys6_base,0.18069753889977105,-0.136498265914023,5,30,0.4663737248641257,0.4408261150536468,0.12240215640530114,0.25671104803553024,0.14909201284747928,0.2968652732779859,False,False,False
apparent_train,0.012619273018236897,1.3196470296670665e-06,30,30,0.01742168798243071,0.010085774759029206,0.029061939660299105,0.015038367923910603,0.03405593062636586,0.03722846922239414,True,True,True
leave_one_date_out,0.10431292832396964,-0.0181996595218153,7,30,0.281942039428551,0.1462633076932322,0.11966917606892494,0.2089021666229969,0.1396462922486185,0.2512791319599957,False,False,False
