{
  "ridge": {
    "MAE": 0.22311983662950333,
    "pass": 5,
    "total": 30,
    "u_L": 1.417381469796551,
    "u_r": 0.14656487451515976,
    "u_d": 0.9611577130820359,
    "model": "ridge"
  },
  "svr": {
    "MAE": 0.15203980811639717,
    "pass": 4,
    "total": 30,
    "u_L": 0.33816144030069983,
    "u_r": 0.15485186228780956,
    "u_d": 0.3475368869503642,
    "model": "svr"
  },
  "gbrt": {
    "MAE": 0.09184306719575124,
    "pass": 7,
    "total": 30,
    "u_L": 0.15444530094243142,
    "u_r": 0.1509353546764436,
    "u_d": 0.26604509557056544,
    "model": "gbrt"
  },
  "et": {
    "MAE": 0.12825415600437562,
    "pass": 10,
    "total": 30,
    "u_L": 0.1889901055077756,
    "u_r": 0.12127261842184305,
    "u_d": 0.2854602098132508,
    "model": "et"
  },
  "phys6": {
    "MAE": 0.18069753889977086,
    "pass": 5,
    "total": 30,
    "u_L": 0.4408261150536457,
    "u_r": 0.12240215640530121,
    "u_d": 0.296865273277988,
    "model": "phys6"
  }
}