model,mae_pct,disturbed_mae_pct,mean_error_pct,group_pass,max_group_sd_pct,u_nor_d_pct
base_phys6,0.5062338914795966,0.5250154068948556,0.5062338914795966,1/30,0.1253214512242536,0.3134329011875058
comp_to_d0,0.2108550583259324,0.2098124909792005,0.20384388855068014,5/30,0.1250755762680739,0.20689334727960004
comp_to_zero,0.10552625589333915,0.09741464140348016,0.014368575649520479,9/30,0.12480238835914163,0.30672400155818863
