disturbance_id,raw_cluster,online_class,pc1,pc2,n_windows
D1,1,A,30.376140165606003,2.035916469818204,21
D2,1,A,10.682684266995608,-5.137318212216924,23
D3,2,B,-42.93644768595533,-9.861991046560624,21
D4,2,B,-14.635826687985606,1.446068271333786,22
D5,1,A,23.57188719496631,-11.813738255745838,17
D6,2,B,-14.425575957103858,3.156940793583402,14
D7,1,A,32.85462014913325,7.352545571336474,13
D8,2,B,-25.48748144565638,12.821576408451506,18
