disturbance_id,raw_cluster,online_class,pc1,pc2,n_windows
D1,1,A,30.376140165606028,2.0359164698182006,21
D2,1,A,10.682684266995608,-5.137318212216922,23
D3,2,B,-42.93644768595536,-9.861991046560615,21
D4,2,B,-14.635826687985617,1.4460682713337825,22
D5,1,A,23.57188719496632,-11.813738255745836,17
D6,2,B,-14.425575957103867,3.156940793583402,14
D7,1,A,32.854620149133254,7.352545571336478,13
D8,2,B,-25.487481445656396,12.821576408451513,18
