model,mae_pct,disturbed_mae_pct,mean_error_pct,group_pass,max_group_sd_pct,u_nor_d_pct
base_phys6,0.18069753889977289,0.1667307884474041,-0.13649826591402545,5/30,0.12240215640530958,0.29686527327800444
comp_to_d0,0.41045454846905666,0.41190773154482774,-0.41045454846905666,0/30,0.1221963860230027,0.20340282254381536
comp_to_zero,0.11843148172776675,0.10028580126385389,-0.024318231005167907,8/30,0.12268352460669653,0.3747555552774813
