{
  "window_13": {
    "MAE": 0.1278111727258017,
    "pass": 10,
    "total": 30,
    "u_L": 0.1889901055077756,
    "u_r": 0.12127261842184305,
    "u_d": 0.2854602098132508,
    "feature_set": "原13维窗口特征",
    "n_features": 13
  },
  "timeseries_25": {
    "MAE": 0.14776529020086587,
    "pass": 10,
    "total": 30,
    "u_L": 0.3330667109523536,
    "u_r": 0.13761537639507995,
    "u_d": 0.353588957013199,
    "feature_set": "25维逐秒紧凑特征",
    "n_features": 25
  },
  "combined_38": {
    "MAE": 0.12747214078409924,
    "pass": 10,
    "total": 30,
    "u_L": 0.24502726043049644,
    "u_r": 0.13208311446221835,
    "u_d": 0.3183098582643843,
    "feature_set": "13+25=38维",
    "n_features": 38
  }
}