{
  "adaptive τ": {
    "MAE": 0.1299580146565322,
    "pass": 10,
    "total": 30,
    "pass_single": 5,
    "n_single": 12,
    "pass_mixed": 5,
    "n_mixed": 18,
    "u_L": 0.22572447259033088,
    "u_r": 0.12127261842184305,
    "u_d": 0.2990187142432708,
    "mode": "adaptive τ"
  },
  "fixed η=0.5": {
    "MAE": 0.14143421764735684,
    "pass": 6,
    "total": 30,
    "pass_single": 1,
    "n_single": 12,
    "pass_mixed": 5,
    "n_mixed": 18,
    "u_L": 0.31212524194539953,
    "u_r": 0.12171102138726987,
    "u_d": 0.29116440566458673,
    "mode": "fixed η=0.5"
  },
  "fixed η=1.0": {
    "MAE": 0.1278111727258017,
    "pass": 10,
    "total": 30,
    "pass_single": 5,
    "n_single": 12,
    "pass_mixed": 5,
    "n_mixed": 18,
    "u_L": 0.1889901055077756,
    "u_r": 0.12127261842184305,
    "u_d": 0.2854602098132508,
    "mode": "fixed η=1.0"
  }
}