{
  "pass": 7,
  "total": 30,
  "u_L": 0.033029309090681996,
  "u_r": 0.11145435209856794,
  "u_d": 0.28589567821788686,
  "MAE": 0.1306479961237363
}