{
  "MAE": 0.11626640349244127,
  "pass": 10,
  "total": 30,
  "u_L": 0.20288171219214168,
  "u_r": 0.1143967959342026,
  "u_d": 0.28004127329366146,
  "u_dc": 0.24402454591661624,
  "u_dr": 0.13738681064106717,
  "eta": "per_fold"
}