{
  "MAE": 0.11307870211405144,
  "pass": 10,
  "total": 30,
  "u_L": 0.20288171219214168,
  "u_r": 0.11827580367517343,
  "u_d": 0.28434141887839054,
  "u_dc": 0.24611414548775382,
  "u_dr": 0.14240038581622277
}