MAE,pass,total,u_L,u_r,u_d,u_dc,u_dr
0.11307870211405144,10,30,0.20288171219214168,0.11827580367517343,0.28434141887839054,0.24611414548775382,0.14240038581622277
