MAE,pass,total,u_L,u_r,u_d,u_dc,u_dr,eta
0.11626640349244127,10,30,0.20288171219214168,0.1143967959342026,0.28004127329366146,0.24402454591661624,0.13738681064106717,per_fold
0.11626640349244127,10,30,0.20288171219214168,0.1143967959342026,0.28004127329366146,0.24402454591661624,0.13738681064106717,1.0
