model,pass,total,u_L,u_r,u_d,MAE
phys6,5,30,0.4408261150536457,0.12240215640530121,0.296865273277988,0.18069753889977086
h1_shrink,10,30,0.033029309090681996,0.11157351631869177,0.2329419701704412,0.1079026063036471
