{
  "pass": 10,
  "total": 30,
  "u_L": 0.25468908619109787,
  "u_r": 0.11157351631869177,
  "u_d": 0.32130718983019724,
  "MAE": 0.11992641462994351
}