{
  "pass": 10,
  "total": 30,
  "u_L": 0.033029309090681996,
  "u_r": 0.11157351631869177,
  "u_d": 0.2329419701704412,
  "MAE": 0.1079026063036471
}