{
  "H0_et_baseline": {
    "pass": 9,
    "total": 30,
    "u_L": 0.25468908619109787,
    "u_r": 0.11793401625422344,
    "u_d": 0.3334808310804682,
    "MAE": 0.12067522019705035
  },
  "H1_d0cal": {
    "pass": 9,
    "total": 30,
    "u_L": 0.033029309090681996,
    "u_r": 0.11793401625422344,
    "u_d": 0.24569742393257546,
    "MAE": 0.10865141187075374
  },
  "H2_cluster": {
    "pass": 8,
    "total": 30,
    "u_L": 0.033029309090681996,
    "u_r": 0.1236276246441521,
    "u_d": 0.2463977314589734,
    "MAE": 0.10979612424022578
  },
  "H3_ab_trend": {
    "pass": 9,
    "total": 30,
    "u_L": 0.033029309090681996,
    "u_r": 0.12114961619455852,
    "u_d": 0.25741694320345004,
    "MAE": 0.11299385397933999
  }
}