{
  "MAE": 0.16650948921111547,
  "pass": 8,
  "total": 30,
  "u_L": 0.2733495219470004,
  "u_r": 0.12185660157460788,
  "u_d": 0.29735527440064613,
  "model": "dynamic_weights"
}