{
  "pass": 10,
  "total": 30,
  "u_L": 0.25468908619109787,
  "u_r": 0.12144435584403421,
  "u_d": 0.3264089454358665,
  "MAE": 0.11682566663262388
}