{
  "features": [
    "chord0",
    "chord1",
    "chord2",
    "chord3",
    "chord4",
    "ab0",
    "ab1",
    "ab2",
    "ab3",
    "ab4",
    "profile_top_bottom",
    "profile_center_all",
    "profile_edge_inner",
    "profile_inner_skew",
    "profile_ab_abs",
    "profile_swirl",
    "dyn_first_0p1_s",
    "dyn_tail_0p1_s",
    "dyn_start_over_plateau",
    "dyn_end_over_plateau",
    "dyn_plateau_cv",
    "dyn_active_eq_s",
    "zero_rate_med",
    "zero_rate_mad",
    "zero_age_s",
    "base_rate_m3h",
    "duration_s",
    "flow_point"
  ],
  "model": "Ridge + PolynomialFeatures(degree=2)",
  "metrics": {
    "phys6": {
      "mae_pct": 0.18069753889977105,
      "mean_error_pct": -0.136498265914023,
      "group_pass": 5,
      "group_total": 30,
      "u_nor_L_pct": 0.4408261150536468,
      "u_nor_r_pct": 0.12240215640530114,
      "u_nor_d_c_pct": 0.25671104803553024,
      "u_nor_d_r_pct": 0.14909201284747928,
      "u_nor_d_pct": 0.2968652732779859,
      "target_L_pass": false,
      "target_r_pass": false,
      "target_d_pass": false
    },
    "apparent": {
      "mae_pct": 0.09632571611603241,
      "mean_error_pct": 7.317317281321667e-05,
      "group_pass": 6,
      "group_total": 30,
      "u_nor_L_pct": 0.052125663679696996,
      "u_nor_r_pct": 0.1337539420451088,
      "u_nor_d_c_pct": 0.16130371043345876,
      "u_nor_d_r_pct": 0.15817552422533732,
      "u_nor_d_pct": 0.2259167622456585,
      "target_L_pass": false,
      "target_r_pass": false,
      "target_d_pass": false
    },
    "lodo": {
      "mae_pct": 0.5356071187882666,
      "mean_error_pct": 0.34918483703347386,
      "group_pass": 3,
      "group_total": 30,
      "u_nor_L_pct": 6.647130774500722,
      "u_nor_r_pct": 0.23477817710314375,
      "u_nor_d_c_pct": 3.9835862856870716,
      "u_nor_d_r_pct": 0.2034249398778736,
      "u_nor_d_pct": 3.9887769305488163,
      "target_L_pass": false,
      "target_r_pass": false,
      "target_d_pass": false
    }
  },
  "ridge_coef_shape": [
    28
  ]
}