{
  "phys6": {
    "MAE": 0.18069753889977086,
    "pass": 5,
    "total": 30,
    "u_L": 0.4408261150536457,
    "u_r": 0.12240215640530121,
    "u_d": 0.296865273277988,
    "model": "phys6"
  },
  "ridge": {
    "MAE": 0.8661977626552989,
    "pass": 2,
    "total": 30,
    "u_L": 12.850305050901495,
    "u_r": 0.6082353971368049,
    "u_d": 7.77584102861142,
    "model": "ridge"
  },
  "svr": {
    "MAE": 0.1392112082050077,
    "pass": 7,
    "total": 30,
    "u_L": 0.296604352033547,
    "u_r": 0.12217137992285834,
    "u_d": 0.31320911510948124,
    "model": "svr"
  },
  "et": {
    "MAE": 0.1176587678040989,
    "pass": 9,
    "total": 30,
    "u_L": 0.20288171219214168,
    "u_r": 0.11441877328177345,
    "u_d": 0.2842155581891023,
    "model": "et"
  }
}